label,x0,y0,x1,y1,x2,y2,x3,y3,x4,y4,x5,y5,x6,y6,x7,y7,x8,y8,x9,y9,x10,y10,x11,y11,x12,y12,x13,y13,x14,y14,x15,y15,x16,y16,x17,y17,x18,y18,x19,y19,x20,y20
label,x0,y0,x1,y1,x2,y2,x3,y3,x4,y4,x5,y5,x6,y6,x7,y7,x8,y8,x9,y9,x10,y10,x11,y11,x12,y12,x13,y13,x14,y14,x15,y15,x16,y16,x17,y17,x18,y18,x19,y19,x20,y20
7,0.0,0.0,-0.2244100421667099,-0.06603878736495972,-0.2817453145980835,-0.21044525504112244,-0.23281678557395935,-0.31185635924339294,-0.224318727850914,-0.386870801448822,-0.3033139407634735,-0.5801417231559753,-0.30772408843040466,-0.7431734204292297,-0.28527703881263733,-0.888096034526825,-0.2733432650566101,-1.0,-0.11882436275482178,-0.5797621607780457,-0.08855429291725159,-0.7663329839706421,-0.07637663930654526,-0.6790601015090942,-0.09676232188940048,-0.5525522232055664,0.07168322801589966,-0.528776228427887,0.12395048886537552,-0.6697332859039307,0.07352614402770996,-0.5173652768135071,0.008228776976466179,-0.3775898218154907,0.255683034658432,-0.4362175166606903,0.2875692844390869,-0.5426260828971863,0.2270120233297348,-0.44161057472229004,0.16375836730003357,-0.34392186999320984
7,0.0,0.0,-0.3171384632587433,-0.05097502842545509,-0.4962046444416046,-0.2444370836019516,-0.6454365849494934,-0.3801564872264862,-0.8154420852661133,-0.455427885055542,-0.3106861114501953,-0.6737110614776611,-0.3097715675830841,-0.8938013911247253,-0.3424951136112213,-0.9868038296699524,-0.3727315664291382,-1.0,-0.11729729175567627,-0.6964766979217529,-0.06550288945436478,-0.9932307004928589,-0.13046449422836304,-0.9215025901794434,-0.17265097796916962,-0.7863620519638062,0.08841481059789658,-0.6689772009849548,0.15887556970119476,-0.978610634803772,0.06596611440181732,-0.8447597622871399,0.009384110569953918,-0.6752369999885559,0.2913319766521454,-0.6005652546882629,0.3605250120162964,-0.8431881070137024,0.2718336284160614,-0.7759187817573547,0.19297169148921967,-0.6593934297561646
7,0.0,0.0,-0.2612451910972595,-0.05877680703997612,-0.42325228452682495,-0.22276796400547028,-0.5177708268165588,-0.3578146994113922,-0.5789827108383179,-0.4664173126220703,-0.25478047132492065,-0.6082193851470947,-0.24108481407165527,-0.8118923902511597,-0.26492223143577576,-0.9395412802696228,-0.2836633026599884,-1.0,-0.08496563136577606,-0.6202694177627563,-0.06966801732778549,-0.9016883373260498,-0.1538962423801422,-0.7647465467453003,-0.1925354152917862,-0.5918402075767517,0.09374497830867767,-0.5850395560264587,0.11752015352249146,-0.858272910118103,0.017446279525756836,-0.6929884552955627,-0.02947840467095375,-0.5218443274497986,0.2830396592617035,-0.5169597864151001,0.3114621341228485,-0.7496284246444702,0.20865541696548462,-0.6680254936218262,0.13745570182800293,-0.5348907113075256
7,0.0,0.0,-0.3087242841720581,-0.11926674842834473,-0.4244536757469177,-0.32516536116600037,-0.4329630434513092,-0.4901794195175171,-0.4124159812927246,-0.6088007092475891,-0.3407568335533142,-0.7043820023536682,-0.3488142788410187,-0.9031541347503662,-0.36771059036254883,-0.9812148213386536,-0.38783034682273865,-0.9825344681739807,-0.1438581347465515,-0.7186365723609924,-0.13856811821460724,-1.0,-0.1784658581018448,-0.9998558163642883,-0.20691423118114471,-0.9338523149490356,0.07003960013389587,-0.6822388172149658,0.09437298029661179,-0.9813925623893738,0.01849777065217495,-0.8055700659751892,-0.026828013360500336,-0.6015505790710449,0.28450101613998413,-0.6023299694061279,0.28017565608024597,-0.8358425498008728,0.198807492852211,-0.7117286920547485,0.1500519961118698,-0.5604897737503052
7,0.0,0.0,-0.20966432988643646,-0.02181527577340603,-0.3604865074157715,-0.1537734866142273,-0.4906848669052124,-0.23003071546554565,-0.624401867389679,-0.26014843583106995,-0.24745795130729675,-0.5362475514411926,-0.25252917408943176,-0.7368776202201843,-0.26324591040611267,-0.8812295794487,-0.2732973098754883,-1.0,-0.10223524272441864,-0.5323655009269714,-0.08059069514274597,-0.7300395965576172,-0.11905276030302048,-0.5820420980453491,-0.15194691717624664,-0.45110374689102173,0.039484377950429916,-0.49427178502082825,0.07019370049238205,-0.6754329800605774,0.018062816932797432,-0.5240609645843506,-0.022396795451641083,-0.4021676182746887,0.17985573410987854,-0.4339310824871063,0.20318999886512756,-0.5766707062721252,0.14374355971813202,-0.4802876114845276,0.09018474072217941,-0.3794536590576172
7,0.0,0.0,-0.2847660481929779,-0.017642714083194733,-0.4410182535648346,-0.15966694056987762,-0.4907408654689789,-0.27002236247062683,-0.5365743041038513,-0.33776378631591797,-0.397511750459671,-0.5468029379844666,-0.4074021577835083,-0.7457883954048157,-0.42321380972862244,-0.9003450274467468,-0.44026997685432434,-1.0,-0.201230987906456,-0.5629475116729736,-0.183969184756279,-0.8150644302368164,-0.2341887503862381,-0.6960781216621399,-0.2735254466533661,-0.5390380024909973,0.0052843536250293255,-0.5341059565544128,0.023974871262907982,-0.7554938793182373,-0.05738817900419235,-0.5712378025054932,-0.10769699513912201,-0.3968484401702881,0.21617653965950012,-0.47320061922073364,0.20876160264015198,-0.6711900234222412,0.1259983777999878,-0.5527158379554749,0.06247975304722786,-0.4141198694705963
7,0.0,0.0,-0.2720524072647095,-0.05630448833107948,-0.4403407871723175,-0.2608276605606079,-0.5448209643363953,-0.39059892296791077,-0.6502274870872498,-0.4621090888977051,-0.2498929351568222,-0.6046205163002014,-0.2515102028846741,-0.8033715486526489,-0.3018375635147095,-0.9379062652587891,-0.3561825752258301,-1.0,-0.0796842947602272,-0.6308003067970276,-0.040299903601408005,-0.8953647017478943,-0.10781476646661758,-0.9245908260345459,-0.16550800204277039,-0.8762769103050232,0.09967446327209473,-0.611134946346283,0.15280307829380035,-0.8776534199714661,0.05241319164633751,-0.8071309328079224,-0.028658045455813408,-0.671724259853363,0.28063535690307617,-0.550964891910553,0.35128253698349,-0.780289351940155,0.260202556848526,-0.7588839530944824,0.16158467531204224,-0.6620008945465088
7,0.0,0.0,-0.2645456790924072,-0.001223032595589757,-0.43198615312576294,-0.13362698256969452,-0.5247973203659058,-0.23250073194503784,-0.6420599222183228,-0.2704452872276306,-0.3619847893714905,-0.5561748743057251,-0.3960193991661072,-0.7170217633247375,-0.40340226888656616,-0.8710319995880127,-0.4072231948375702,-1.0,-0.17757762968540192,-0.6027204394340515,-0.19887390732765198,-0.8138502836227417,-0.19466787576675415,-0.9019536375999451,-0.20281901955604553,-0.9330199360847473,0.015767985954880714,-0.5961534380912781,0.030301766470074654,-0.7949307560920715,0.029124079272150993,-0.6651849746704102,0.010105626657605171,-0.5101853013038635,0.20554175972938538,-0.5355903506278992,0.22978685796260834,-0.6880325675010681,0.2078011929988861,-0.5909196138381958,0.16983920335769653,-0.4647839367389679
7,0.0,0.0,-0.20585007965564728,-0.1320829540491104,-0.3400503396987915,-0.2874463200569153,-0.4443192183971405,-0.3881910443305969,-0.5536689758300781,-0.4247153103351593,-0.20183217525482178,-0.6655950546264648,-0.17290131747722626,-0.8465510606765747,-0.1795259416103363,-0.9259209632873535,-0.19092239439487457,-1.0,-0.05217299982905388,-0.6656734347343445,-0.012228071689605713,-0.8631802201271057,-0.04646797850728035,-0.6766948103904724,-0.055339738726615906,-0.5760928392410278,0.10172787308692932,-0.6328377723693848,0.1485912799835205,-0.7906670570373535,0.09992124885320663,-0.6145887970924377,0.08048246055841446,-0.523960530757904,0.26501816511154175,-0.568605363368988,0.3241889476776123,-0.705790102481842,0.2727736830711365,-0.6301531195640564,0.23782002925872803,-0.5627172589302063
7,0.0,0.0,-0.1979479044675827,-0.014797564595937729,-0.33077964186668396,-0.1255495250225067,-0.41318100690841675,-0.19052362442016602,-0.5263943672180176,-0.19788937270641327,-0.2758408486843109,-0.534889280796051,-0.29021093249320984,-0.7287999987602234,-0.30139580368995667,-0.867800235748291,-0.3066368103027344,-1.0,-0.11838828772306442,-0.5346627235412598,-0.11072767525911331,-0.6774981617927551,-0.11740703135728836,-0.5191386342048645,-0.11422377079725266,-0.430650919675827,0.037809520959854126,-0.4897271394729614,0.05322401598095894,-0.5972652435302734,0.030292697250843048,-0.43740400671958923,0.014878688380122185,-0.35757550597190857,0.1880386620759964,-0.42669177055358887,0.218374103307724,-0.5052929520606995,0.19756998121738434,-0.39456772804260254,0.1785525232553482,-0.3226439356803894
7,0.0,0.0,-0.29500076174736023,-0.046683210879564285,-0.42807576060295105,-0.195181205868721,-0.46298643946647644,-0.3011654317378998,-0.5174870491027832,-0.3604329824447632,-0.3991212248802185,-0.5647704005241394,-0.419460266828537,-0.7572564482688904,-0.4309346079826355,-0.8987951278686523,-0.44057005643844604,-1.0,-0.2018958181142807,-0.5833063721656799,-0.1826307475566864,-0.8332709074020386,-0.1952892541885376,-0.7730765342712402,-0.2109614908695221,-0.6674956679344177,0.003976763226091862,-0.5578914284706116,0.05588573217391968,-0.8023020625114441,0.01499443594366312,-0.6592614054679871,-0.031792495399713516,-0.5042054653167725,0.2078094631433487,-0.4929652214050293,0.24400442838668823,-0.6853572726249695,0.19527052342891693,-0.5984693765640259,0.13084998726844788,-0.481777548789978
7,0.0,0.0,-0.29500076174736023,-0.046683210879564285,-0.42807576060295105,-0.195181205868721,-0.46298643946647644,-0.3011654317378998,-0.5174870491027832,-0.3604329824447632,-0.3991212248802185,-0.5647704005241394,-0.419460266828537,-0.7572564482688904,-0.4309346079826355,-0.8987951278686523,-0.44057005643844604,-1.0,-0.2018958181142807,-0.5833063721656799,-0.1826307475566864,-0.8332709074020386,-0.1952892541885376,-0.7730765342712402,-0.2109614908695221,-0.6674956679344177,0.003976763226091862,-0.5578914284706116,0.05588573217391968,-0.8023020625114441,0.01499443594366312,-0.6592614054679871,-0.031792495399713516,-0.5042054653167725,0.2078094631433487,-0.4929652214050293,0.24400442838668823,-0.6853572726249695,0.19527052342891693,-0.5984693765640259,0.13084998726844788,-0.481777548789978
7,0.0,0.0,-0.2502223253250122,-0.025226278230547905,-0.3898252248764038,-0.18313202261924744,-0.47939273715019226,-0.29141950607299805,-0.5708284378051758,-0.35176846385002136,-0.30008742213249207,-0.5235928297042847,-0.31972208619117737,-0.7108124494552612,-0.340916246175766,-0.8697009682655334,-0.36278077960014343,-1.0,-0.13259558379650116,-0.5362536907196045,-0.07233240455389023,-0.7873120307922363,-0.10930930078029633,-0.6857256889343262,-0.15544559061527252,-0.5691707134246826,0.03777356073260307,-0.49867671728134155,0.10033360868692398,-0.7337843179702759,0.03935093805193901,-0.5954452753067017,-0.014669058844447136,-0.4650444984436035,0.21084970235824585,-0.42061540484428406,0.2639939486980438,-0.6131415367126465,0.20100654661655426,-0.5389395952224731,0.13819582760334015,-0.4357765316963196
7,0.0,0.0,-0.2019803375005722,-0.018134864047169685,-0.33314141631126404,-0.13834360241889954,-0.4244387447834015,-0.2129538655281067,-0.5415292978286743,-0.2467833012342453,-0.2617938220500946,-0.5010372400283813,-0.2760556936264038,-0.6982545852661133,-0.2795761525630951,-0.854236900806427,-0.28021523356437683,-1.0,-0.11597311496734619,-0.4888421595096588,-0.13447605073451996,-0.6438385844230652,-0.15364395081996918,-0.49220991134643555,-0.14722983539104462,-0.40639886260032654,0.02741861343383789,-0.4401867091655731,0.006831207312643528,-0.5352056622505188,-0.027656137943267822,-0.3666965663433075,-0.0270844753831625,-0.29504311084747314,0.16691049933433533,-0.375309556722641,0.1349572241306305,-0.43804413080215454,0.0946594625711441,-0.32014042139053345,0.09381493180990219,-0.2655046880245209
7,0.0,0.0,-0.2019803375005722,-0.018134864047169685,-0.33314141631126404,-0.13834360241889954,-0.4244387447834015,-0.2129538655281067,-0.5415292978286743,-0.2467833012342453,-0.2617938220500946,-0.5010372400283813,-0.2760556936264038,-0.6982545852661133,-0.2795761525630951,-0.854236900806427,-0.28021523356437683,-1.0,-0.11597311496734619,-0.4888421595096588,-0.13447605073451996,-0.6438385844230652,-0.15364395081996918,-0.49220991134643555,-0.14722983539104462,-0.40639886260032654,0.02741861343383789,-0.4401867091655731,0.006831207312643528,-0.5352056622505188,-0.027656137943267822,-0.3666965663433075,-0.0270844753831625,-0.29504311084747314,0.16691049933433533,-0.375309556722641,0.1349572241306305,-0.43804413080215454,0.0946594625711441,-0.32014042139053345,0.09381493180990219,-0.2655046880245209
7,0.0,0.0,-0.19697368144989014,-0.026537468656897545,-0.3304877281188965,-0.13470469415187836,-0.42433273792266846,-0.1956837922334671,-0.5320470929145813,-0.20299364626407623,-0.24135719239711761,-0.4997032582759857,-0.2609741985797882,-0.7055913805961609,-0.26705101132392883,-0.8612093925476074,-0.26370662450790405,-1.0,-0.09790537506341934,-0.4889426827430725,-0.09848477691411972,-0.6342520117759705,-0.11855100840330124,-0.48316383361816406,-0.11935042589902878,-0.3883052170276642,0.0390341691672802,-0.44238024950027466,0.033535391092300415,-0.5278919339179993,0.004504083655774593,-0.37241706252098083,6.829925405327231e-05,-0.28995853662490845,0.1715993583202362,-0.382219135761261,0.15851156413555145,-0.4415035843849182,0.12668687105178833,-0.3351726531982422,0.12020989507436752,-0.27336111664772034
7,0.0,0.0,-0.1807428002357483,-0.03916797786951065,-0.31308048963546753,-0.16137836873531342,-0.4072675108909607,-0.23315490782260895,-0.5019924640655518,-0.258178174495697,-0.2246701717376709,-0.49752140045166016,-0.24177764356136322,-0.7021956443786621,-0.2462119609117508,-0.8509166836738586,-0.2441931962966919,-1.0,-0.09104259312152863,-0.48579755425453186,-0.09826752543449402,-0.636106550693512,-0.12335187941789627,-0.49100667238235474,-0.12774772942066193,-0.40455538034439087,0.03714808076620102,-0.441429078578949,0.030509954318404198,-0.5553210973739624,-0.004090464673936367,-0.4144723117351532,-0.013173549436032772,-0.332526832818985,0.16649562120437622,-0.3818058371543884,0.1596502810716629,-0.4724176824092865,0.11473027616739273,-0.38299888372421265,0.09594743698835373,-0.31889721751213074
7,0.0,0.0,-0.1807428002357483,-0.03916797786951065,-0.31308048963546753,-0.16137836873531342,-0.4072675108909607,-0.23315490782260895,-0.5019924640655518,-0.258178174495697,-0.2246701717376709,-0.49752140045166016,-0.24177764356136322,-0.7021956443786621,-0.2462119609117508,-0.8509166836738586,-0.2441931962966919,-1.0,-0.09104259312152863,-0.48579755425453186,-0.09826752543449402,-0.636106550693512,-0.12335187941789627,-0.49100667238235474,-0.12774772942066193,-0.40455538034439087,0.03714808076620102,-0.441429078578949,0.030509954318404198,-0.5553210973739624,-0.004090464673936367,-0.4144723117351532,-0.013173549436032772,-0.332526832818985,0.16649562120437622,-0.3818058371543884,0.1596502810716629,-0.4724176824092865,0.11473027616739273,-0.38299888372421265,0.09594743698835373,-0.31889721751213074
7,0.0,0.0,-0.23759154975414276,-0.12570396065711975,-0.38695910573005676,-0.29106608033180237,-0.507910430431366,-0.33380964398384094,-0.6715416312217712,-0.3077031672000885,-0.3112923204898834,-0.6147870421409607,-0.2852779030799866,-0.7849730253219604,-0.32603344321250916,-0.898543655872345,-0.37902384996414185,-1.0,-0.15409816801548004,-0.6158974170684814,-0.11173275858163834,-0.8167920112609863,-0.16305957734584808,-0.682913601398468,-0.18908485770225525,-0.5943525433540344,0.009041092358529568,-0.5848913192749023,0.06194277107715607,-0.7547235488891602,0.0018006127793341875,-0.6302585601806641,-0.034739814698696136,-0.5544655919075012,0.17458157241344452,-0.5242517590522766,0.21444977819919586,-0.660503625869751,0.13876429200172424,-0.5958573818206787,0.07575128972530365,-0.5337207913398743
7,0.0,0.0,-0.15587668120861053,-0.012143077328801155,-0.2987714111804962,-0.1484670639038086,-0.42644283175468445,-0.20376385748386383,-0.5626251101493835,-0.21158425509929657,-0.1699502319097519,-0.48714524507522583,-0.18856650590896606,-0.6804682612419128,-0.19619856774806976,-0.8430628180503845,-0.2010103464126587,-1.0,-0.03271961957216263,-0.4766610562801361,-0.04572223499417305,-0.626430869102478,-0.08516201376914978,-0.4578162133693695,-0.10451290756464005,-0.36145737767219543,0.09220071136951447,-0.42944005131721497,0.08549448847770691,-0.5427323579788208,0.02316957153379917,-0.37829357385635376,0.0001647968456381932,-0.29774969816207886,0.2212856560945511,-0.3678693175315857,0.21493208408355713,-0.468900591135025,0.14921657741069794,-0.35959428548812866,0.12488477677106857,-0.2965197265148163
7,0.0,0.0,-0.15587668120861053,-0.012143077328801155,-0.2987714111804962,-0.1484670639038086,-0.42644283175468445,-0.20376385748386383,-0.5626251101493835,-0.21158425509929657,-0.1699502319097519,-0.48714524507522583,-0.18856650590896606,-0.6804682612419128,-0.19619856774806976,-0.8430628180503845,-0.2010103464126587,-1.0,-0.03271961957216263,-0.4766610562801361,-0.04572223499417305,-0.626430869102478,-0.08516201376914978,-0.4578162133693695,-0.10451290756464005,-0.36145737767219543,0.09220071136951447,-0.42944005131721497,0.08549448847770691,-0.5427323579788208,0.02316957153379917,-0.37829357385635376,0.0001647968456381932,-0.29774969816207886,0.2212856560945511,-0.3678693175315857,0.21493208408355713,-0.468900591135025,0.14921657741069794,-0.35959428548812866,0.12488477677106857,-0.2965197265148163
7,0.0,0.0,-0.19301828742027283,0.018585970625281334,-0.35647258162498474,-0.12695206701755524,-0.49339374899864197,-0.22012554109096527,-0.6287394762039185,-0.2990756928920746,-0.24781681597232819,-0.5093576312065125,-0.24589166045188904,-0.711251974105835,-0.25779232382774353,-0.8649771809577942,-0.25485941767692566,-1.0,-0.09394517540931702,-0.5064589381217957,-0.07843608409166336,-0.6845547556877136,-0.11624857783317566,-0.4969061613082886,-0.13727377355098724,-0.4068889617919922,0.05752744898200035,-0.47105565667152405,0.06931037455797195,-0.6155449748039246,0.008154093287885189,-0.4217607080936432,-0.014202343299984932,-0.33379238843917847,0.2152768075466156,-0.41749846935272217,0.21224655210971832,-0.5354769229888916,0.1463371217250824,-0.4010196328163147,0.11815217137336731,-0.3248814642429352
7,0.0,0.0,-0.18145829439163208,-0.033913079649209976,-0.3346531391143799,-0.19047485291957855,-0.45994919538497925,-0.26284441351890564,-0.5903342962265015,-0.306459903717041,-0.17388878762722015,-0.5329159498214722,-0.16992981731891632,-0.7221249938011169,-0.18324925005435944,-0.8677297830581665,-0.18930992484092712,-1.0,-0.028088705614209175,-0.5201802849769592,-0.028804073110222816,-0.6891455054283142,-0.07883370667695999,-0.5220834612846375,-0.10234249383211136,-0.43851909041404724,0.11210756748914719,-0.474911630153656,0.1056625172495842,-0.6168298721313477,0.03251577913761139,-0.44760867953300476,0.006778288632631302,-0.36947011947631836,0.2634563744068146,-0.40874648094177246,0.25334683060646057,-0.5358802676200867,0.1721011996269226,-0.4300951063632965,0.1377832442522049,-0.3598567545413971
7,0.0,0.0,-0.18145829439163208,-0.033913079649209976,-0.3346531391143799,-0.19047485291957855,-0.45994919538497925,-0.26284441351890564,-0.5903342962265015,-0.306459903717041,-0.17388878762722015,-0.5329159498214722,-0.16992981731891632,-0.7221249938011169,-0.18324925005435944,-0.8677297830581665,-0.18930992484092712,-1.0,-0.028088705614209175,-0.5201802849769592,-0.028804073110222816,-0.6891455054283142,-0.07883370667695999,-0.5220834612846375,-0.10234249383211136,-0.43851909041404724,0.11210756748914719,-0.474911630153656,0.1056625172495842,-0.6168298721313477,0.03251577913761139,-0.44760867953300476,0.006778288632631302,-0.36947011947631836,0.2634563744068146,-0.40874648094177246,0.25334683060646057,-0.5358802676200867,0.1721011996269226,-0.4300951063632965,0.1377832442522049,-0.3598567545413971
7,0.0,0.0,-0.23047122359275818,-0.08343511819839478,-0.32134106755256653,-0.22638505697250366,-0.3460152745246887,-0.31006482243537903,-0.3939357101917267,-0.34462934732437134,-0.261773020029068,-0.5499715209007263,-0.284483402967453,-0.7142171263694763,-0.3295406103134155,-0.8670141696929932,-0.35493817925453186,-1.0,-0.11293064057826996,-0.5505399107933044,-0.1364145576953888,-0.7249330282211304,-0.18956124782562256,-0.6207261681556702,-0.18950015306472778,-0.5336872339248657,0.04360746964812279,-0.5048837661743164,0.0023926650173962116,-0.642707109451294,-0.054540786892175674,-0.4732559621334076,-0.052988216280937195,-0.3657968044281006,0.2049780786037445,-0.42890816926956177,0.14360405504703522,-0.5393469929695129,0.08825583010911942,-0.4137042462825775,0.09139423817396164,-0.3161420524120331
7,0.0,0.0,-0.32640039920806885,-0.03555648401379585,-0.5750136375427246,-0.24128441512584686,-0.7620922327041626,-0.3888606131076813,-0.9777767062187195,-0.48235997557640076,-0.3146683871746063,-0.5785962343215942,-0.2892921566963196,-0.7869076132774353,-0.2740718424320221,-0.9150217771530151,-0.25118452310562134,-0.977692723274231,-0.10287508368492126,-0.5699043273925781,-0.03299463912844658,-0.8512784242630005,-0.021537799388170242,-0.9401004314422607,-0.03736200928688049,-1.0,0.08963784575462341,-0.5134172439575195,0.17715010046958923,-0.7614463567733765,0.16162824630737305,-0.719319224357605,0.1333882063627243,-0.66641765832901,0.25656858086586,-0.4130484163761139,0.34161576628685,-0.5638628602027893,0.3162115216255188,-0.5414084792137146,0.2901226282119751,-0.4977228045463562
7,0.0,0.0,-0.32640039920806885,-0.03555648401379585,-0.5750136375427246,-0.24128441512584686,-0.7620922327041626,-0.3888606131076813,-0.9777767062187195,-0.48235997557640076,-0.3146683871746063,-0.5785962343215942,-0.2892921566963196,-0.7869076132774353,-0.2740718424320221,-0.9150217771530151,-0.25118452310562134,-0.977692723274231,-0.10287508368492126,-0.5699043273925781,-0.03299463912844658,-0.8512784242630005,-0.021537799388170242,-0.9401004314422607,-0.03736200928688049,-1.0,0.08963784575462341,-0.5134172439575195,0.17715010046958923,-0.7614463567733765,0.16162824630737305,-0.719319224357605,0.1333882063627243,-0.66641765832901,0.25656858086586,-0.4130484163761139,0.34161576628685,-0.5638628602027893,0.3162115216255188,-0.5414084792137146,0.2901226282119751,-0.4977228045463562
7,0.0,0.0,-0.23547330498695374,-0.03762187063694,-0.38043925166130066,-0.14435160160064697,-0.4868936538696289,-0.19852466881275177,-0.6121279001235962,-0.19829747080802917,-0.31511276960372925,-0.5429983735084534,-0.30521583557128906,-0.7287241816520691,-0.29887455701828003,-0.8774710893630981,-0.2967478632926941,-1.0,-0.15331970155239105,-0.5435784459114075,-0.12424472719430923,-0.7319307327270508,-0.14586935937404633,-0.6261168122291565,-0.1691160649061203,-0.5150954127311707,0.011550710536539555,-0.5024303793907166,0.033774424344301224,-0.6576144695281982,-0.001031964784488082,-0.5245510935783386,-0.03897968679666519,-0.41676607728004456,0.1691848188638687,-0.4327695965766907,0.18408074975013733,-0.5576098561286926,0.13331598043441772,-0.4704919159412384,0.0775904729962349,-0.3793941140174866
7,0.0,0.0,-0.22389762103557587,-0.08000215142965317,-0.34560707211494446,-0.21461692452430725,-0.39514198899269104,-0.285936564207077,-0.46652868390083313,-0.33427518606185913,-0.20062854886054993,-0.543225884437561,-0.20570679008960724,-0.741580605506897,-0.2381119579076767,-0.8877122402191162,-0.26488029956817627,-1.0,-0.06549259275197983,-0.5416690707206726,-0.07487443834543228,-0.7325265407562256,-0.14602252840995789,-0.6856098771095276,-0.17776687443256378,-0.625832736492157,0.06529027968645096,-0.5120055079460144,0.04154181107878685,-0.6488622426986694,-0.00437397975474596,-0.4949761927127838,0.0030275899916887283,-0.3670635521411896,0.19894680380821228,-0.4623636305332184,0.14980770647525787,-0.5590010285377502,0.09919247031211853,-0.4586785137653351,0.10284514725208282,-0.3555172383785248
7,0.0,0.0,-0.22389762103557587,-0.08000215142965317,-0.34560707211494446,-0.21461692452430725,-0.39514198899269104,-0.285936564207077,-0.46652868390083313,-0.33427518606185913,-0.20062854886054993,-0.543225884437561,-0.20570679008960724,-0.741580605506897,-0.2381119579076767,-0.8877122402191162,-0.26488029956817627,-1.0,-0.06549259275197983,-0.5416690707206726,-0.07487443834543228,-0.7325265407562256,-0.14602252840995789,-0.6856098771095276,-0.17776687443256378,-0.625832736492157,0.06529027968645096,-0.5120055079460144,0.04154181107878685,-0.6488622426986694,-0.00437397975474596,-0.4949761927127838,0.0030275899916887283,-0.3670635521411896,0.19894680380821228,-0.4623636305332184,0.14980770647525787,-0.5590010285377502,0.09919247031211853,-0.4586785137653351,0.10284514725208282,-0.3555172383785248
7,0.0,0.0,-0.17401713132858276,-0.040320541709661484,-0.3095715045928955,-0.1757599115371704,-0.397076278924942,-0.2644267678260803,-0.46709951758384705,-0.2999802529811859,-0.2335304617881775,-0.49170365929603577,-0.2637430429458618,-0.700786292552948,-0.2691664695739746,-0.8520042896270752,-0.2681609094142914,-1.0,-0.10191144049167633,-0.48269137740135193,-0.14579959213733673,-0.5950334668159485,-0.1633787751197815,-0.4360249638557434,-0.1465214192867279,-0.3728104531764984,0.024088788777589798,-0.4427562952041626,-0.01703708991408348,-0.5190231800079346,-0.04768480360507965,-0.3577505648136139,-0.03238585591316223,-0.30104294419288635,0.15298950672149658,-0.3914286494255066,0.09919947385787964,-0.45131024718284607,0.0606830008327961,-0.32938966155052185,0.07675163447856903,-0.27495718002319336
7,0.0,0.0,-0.21619969606399536,-0.020962338894605637,-0.4164336621761322,-0.20466336607933044,-0.57215416431427,-0.30708518624305725,-0.7385103702545166,-0.3644578158855438,-0.2271030694246292,-0.576720654964447,-0.20817244052886963,-0.7852561473846436,-0.23392538726329803,-0.9172568321228027,-0.2633310854434967,-1.0,-0.06494922935962677,-0.5774596333503723,-0.048707008361816406,-0.8164600729942322,-0.11433257162570953,-0.6598429679870605,-0.14735306799411774,-0.525044858455658,0.09924988448619843,-0.5361952185630798,0.11748518794775009,-0.7444639205932617,0.03635270148515701,-0.5721033811569214,0.003879781113937497,-0.44363686442375183,0.27226778864860535,-0.46720626950263977,0.284519761800766,-0.6389530301094055,0.19653581082820892,-0.540597677230835,0.14981918036937714,-0.44002002477645874
7,0.0,0.0,-0.21619969606399536,-0.020962338894605637,-0.4164336621761322,-0.20466336607933044,-0.57215416431427,-0.30708518624305725,-0.7385103702545166,-0.3644578158855438,-0.2271030694246292,-0.576720654964447,-0.20817244052886963,-0.7852561473846436,-0.23392538726329803,-0.9172568321228027,-0.2633310854434967,-1.0,-0.06494922935962677,-0.5774596333503723,-0.048707008361816406,-0.8164600729942322,-0.11433257162570953,-0.6598429679870605,-0.14735306799411774,-0.525044858455658,0.09924988448619843,-0.5361952185630798,0.11748518794775009,-0.7444639205932617,0.03635270148515701,-0.5721033811569214,0.003879781113937497,-0.44363686442375183,0.27226778864860535,-0.46720626950263977,0.284519761800766,-0.6389530301094055,0.19653581082820892,-0.540597677230835,0.14981918036937714,-0.44002002477645874
7,0.0,0.0,-0.22017645835876465,-0.04617374390363693,-0.33322346210479736,-0.1886560171842575,-0.36104121804237366,-0.2913368344306946,-0.3944322168827057,-0.3459131717681885,-0.2566068768501282,-0.49486252665519714,-0.2758963704109192,-0.6778168678283691,-0.278546005487442,-0.8408710360527039,-0.2715875208377838,-1.0,-0.1084919348359108,-0.4808872938156128,-0.110529325902462,-0.6093218326568604,-0.12276127189397812,-0.4471282660961151,-0.12758831679821014,-0.3474566340446472,0.034441545605659485,-0.4310850501060486,0.016583267599344254,-0.5355769991874695,-0.016646966338157654,-0.3663892447948456,-0.02783038467168808,-0.27881166338920593,0.17160208523273468,-0.3673815131187439,0.11559601873159409,-0.4491106867790222,0.07605289667844772,-0.33337387442588806,0.07124404609203339,-0.2621735632419586
7,0.0,0.0,-0.20299287140369415,-0.04327669367194176,-0.3457016050815582,-0.14596843719482422,-0.44139647483825684,-0.2230418622493744,-0.5213006734848022,-0.2556948661804199,-0.2560877799987793,-0.47343358397483826,-0.2675580680370331,-0.691496729850769,-0.27333661913871765,-0.8566039204597473,-0.2776365876197815,-1.0,-0.12156356126070023,-0.4716576039791107,-0.12696558237075806,-0.6432642936706543,-0.1571352332830429,-0.5325675010681152,-0.17043259739875793,-0.4372536540031433,0.008875292725861073,-0.44126516580581665,0.018681492656469345,-0.6047797203063965,-0.01793554052710533,-0.49256545305252075,-0.03551854193210602,-0.39211806654930115,0.14007286727428436,-0.395425945520401,0.13782428205013275,-0.5175443887710571,0.09331446886062622,-0.44347596168518066,0.06457284837961197,-0.3639172613620758
7,0.0,0.0,-0.20299287140369415,-0.04327669367194176,-0.3457016050815582,-0.14596843719482422,-0.44139647483825684,-0.2230418622493744,-0.5213006734848022,-0.2556948661804199,-0.2560877799987793,-0.47343358397483826,-0.2675580680370331,-0.691496729850769,-0.27333661913871765,-0.8566039204597473,-0.2776365876197815,-1.0,-0.12156356126070023,-0.4716576039791107,-0.12696558237075806,-0.6432642936706543,-0.1571352332830429,-0.5325675010681152,-0.17043259739875793,-0.4372536540031433,0.008875292725861073,-0.44126516580581665,0.018681492656469345,-0.6047797203063965,-0.01793554052710533,-0.49256545305252075,-0.03551854193210602,-0.39211806654930115,0.14007286727428436,-0.395425945520401,0.13782428205013275,-0.5175443887710571,0.09331446886062622,-0.44347596168518066,0.06457284837961197,-0.3639172613620758
7,0.0,0.0,-0.1939692199230194,-0.059209052473306656,-0.30377814173698425,-0.20795370638370514,-0.3445528447628021,-0.3464401066303253,-0.3777327239513397,-0.4308120012283325,-0.25898477435112,-0.48926064372062683,-0.28716039657592773,-0.6996972560882568,-0.2946702539920807,-0.8578208684921265,-0.2919892966747284,-1.0,-0.11917813122272491,-0.482401043176651,-0.12411333620548248,-0.6224516034126282,-0.14444230496883392,-0.4744957685470581,-0.14867858588695526,-0.3790028989315033,0.0164096187800169,-0.43862709403038025,0.005541736260056496,-0.5272838473320007,-0.027586480602622032,-0.37002241611480713,-0.03772513568401337,-0.2873859107494354,0.15048079192638397,-0.3780992031097412,0.11898688226938248,-0.446896493434906,0.0826754942536354,-0.3315019905567169,0.07779840379953384,-0.2636445164680481
7,0.0,0.0,-0.26332956552505493,-0.13600389659404755,-0.3840291500091553,-0.31139999628067017,-0.4254435896873474,-0.43093544244766235,-0.482235848903656,-0.519393265247345,-0.24223273992538452,-0.6308661103248596,-0.28123366832733154,-0.8094005584716797,-0.3289060890674591,-0.9241734147071838,-0.3690473139286041,-1.0,-0.10731378942728043,-0.6383969187736511,-0.14461465179920197,-0.8652384281158447,-0.23067522048950195,-0.8250901699066162,-0.2662585377693176,-0.7543607354164124,0.03680553287267685,-0.6064845323562622,-0.011010518297553062,-0.8184722661972046,-0.08232081681489944,-0.6529555916786194,-0.08208121359348297,-0.49807071685791016,0.18490354716777802,-0.548072099685669,0.10646006464958191,-0.706656277179718,0.03171606361865997,-0.5978283286094666,0.02901662327349186,-0.47627922892570496
7,0.0,0.0,-0.26332956552505493,-0.13600389659404755,-0.3840291500091553,-0.31139999628067017,-0.4254435896873474,-0.43093544244766235,-0.482235848903656,-0.519393265247345,-0.24223273992538452,-0.6308661103248596,-0.28123366832733154,-0.8094005584716797,-0.3289060890674591,-0.9241734147071838,-0.3690473139286041,-1.0,-0.10731378942728043,-0.6383969187736511,-0.14461465179920197,-0.8652384281158447,-0.23067522048950195,-0.8250901699066162,-0.2662585377693176,-0.7543607354164124,0.03680553287267685,-0.6064845323562622,-0.011010518297553062,-0.8184722661972046,-0.08232081681489944,-0.6529555916786194,-0.08208121359348297,-0.49807071685791016,0.18490354716777802,-0.548072099685669,0.10646006464958191,-0.706656277179718,0.03171606361865997,-0.5978283286094666,0.02901662327349186,-0.47627922892570496
7,0.0,0.0,-0.19782134890556335,-0.056974392384290695,-0.37972307205200195,-0.2458954155445099,-0.5262165665626526,-0.3683262765407562,-0.6901743412017822,-0.4417394995689392,-0.18842841684818268,-0.5754075050354004,-0.1695408821105957,-0.7514348030090332,-0.1785735785961151,-0.8885862231254578,-0.19497624039649963,-1.0,-0.018084488809108734,-0.5818395614624023,0.044938988983631134,-0.816300094127655,0.0006208739359863102,-0.7280145883560181,-0.035909708589315414,-0.6172133088111877,0.14152105152606964,-0.5381451845169067,0.21815189719200134,-0.7593895196914673,0.16163872182369232,-0.6681113243103027,0.12173836678266525,-0.5616602897644043,0.2929242253303528,-0.4556518495082855,0.3661402761936188,-0.6232960224151611,0.3199315667152405,-0.605032742023468,0.2791142165660858,-0.5438069105148315
7,0.0,0.0,-0.22368572652339935,-0.02853967808187008,-0.37895384430885315,-0.1556054800748825,-0.48673099279403687,-0.24257861077785492,-0.5914588570594788,-0.30516985058784485,-0.27954041957855225,-0.5065059065818787,-0.2742457389831543,-0.6923426985740662,-0.28155413269996643,-0.8529555201530457,-0.2951180338859558,-1.0,-0.1219811886548996,-0.5118564963340759,-0.08844587951898575,-0.7012673020362854,-0.11852286010980606,-0.5797408819198608,-0.14613880217075348,-0.4901812672615051,0.03728219121694565,-0.4777388572692871,0.07603990286588669,-0.6516557931900024,0.029632722958922386,-0.5097336173057556,-0.002475263550877571,-0.4125617444515228,0.19870322942733765,-0.41219255328178406,0.2154906690120697,-0.5581977367401123,0.1565910130739212,-0.46896421909332275,0.11225870251655579,-0.3903124928474426
7,0.0,0.0,-0.22368572652339935,-0.02853967808187008,-0.37895384430885315,-0.1556054800748825,-0.48673099279403687,-0.24257861077785492,-0.5914588570594788,-0.30516985058784485,-0.27954041957855225,-0.5065059065818787,-0.2742457389831543,-0.6923426985740662,-0.28155413269996643,-0.8529555201530457,-0.2951180338859558,-1.0,-0.1219811886548996,-0.5118564963340759,-0.08844587951898575,-0.7012673020362854,-0.11852286010980606,-0.5797408819198608,-0.14613880217075348,-0.4901812672615051,0.03728219121694565,-0.4777388572692871,0.07603990286588669,-0.6516557931900024,0.029632722958922386,-0.5097336173057556,-0.002475263550877571,-0.4125617444515228,0.19870322942733765,-0.41219255328178406,0.2154906690120697,-0.5581977367401123,0.1565910130739212,-0.46896421909332275,0.11225870251655579,-0.3903124928474426
7,0.0,0.0,-0.23328755795955658,0.025887327268719673,-0.37499210238456726,-0.09543299674987793,-0.46583694219589233,-0.19776779413223267,-0.5758096575737,-0.29873964190483093,-0.2475385069847107,-0.468729168176651,-0.2764142155647278,-0.6588732004165649,-0.26212480664253235,-0.8352183699607849,-0.23989585041999817,-1.0,-0.0826273113489151,-0.4744335114955902,-0.04188312962651253,-0.677811324596405,-0.010262628085911274,-0.7216134071350098,0.020966529846191406,-0.7135542631149292,0.07793659716844559,-0.43778541684150696,0.14702479541301727,-0.5911575555801392,0.1438097208738327,-0.5501703023910522,0.14749440550804138,-0.4777398407459259,0.22868859767913818,-0.36355140805244446,0.3015134632587433,-0.47844865918159485,0.29853519797325134,-0.4515254497528076,0.2903412878513336,-0.3962521553039551
7,0.0,0.0,-0.1974858194589615,-0.03926295042037964,-0.3166920840740204,-0.17292070388793945,-0.3961085379123688,-0.26204240322113037,-0.4946015179157257,-0.31636306643486023,-0.22038084268569946,-0.5171172618865967,-0.2132723331451416,-0.6968344449996948,-0.21494103968143463,-0.8498821258544922,-0.21884717047214508,-1.0,-0.07109224796295166,-0.5125027298927307,-0.03869367390871048,-0.6827423572540283,-0.07884497940540314,-0.5372156500816345,-0.10973247140645981,-0.456998735666275,0.07338588684797287,-0.4730362594127655,0.10414993017911911,-0.6341407895088196,0.059481337666511536,-0.4827705919742584,0.03130355849862099,-0.4000793993473053,0.2136845588684082,-0.41504067182540894,0.2381485402584076,-0.5339165329933167,0.1862204372882843,-0.4423940181732178,0.14412157237529755,-0.374798983335495
7,0.0,0.0,-0.1974858194589615,-0.03926295042037964,-0.3166920840740204,-0.17292070388793945,-0.3961085379123688,-0.26204240322113037,-0.4946015179157257,-0.31636306643486023,-0.22038084268569946,-0.5171172618865967,-0.2132723331451416,-0.6968344449996948,-0.21494103968143463,-0.8498821258544922,-0.21884717047214508,-1.0,-0.07109224796295166,-0.5125027298927307,-0.03869367390871048,-0.6827423572540283,-0.07884497940540314,-0.5372156500816345,-0.10973247140645981,-0.456998735666275,0.07338588684797287,-0.4730362594127655,0.10414993017911911,-0.6341407895088196,0.059481337666511536,-0.4827705919742584,0.03130355849862099,-0.4000793993473053,0.2136845588684082,-0.41504067182540894,0.2381485402584076,-0.5339165329933167,0.1862204372882843,-0.4423940181732178,0.14412157237529755,-0.374798983335495
7,0.0,0.0,-0.21082285046577454,-0.004542094189673662,-0.34735432267189026,-0.1421777307987213,-0.4553242027759552,-0.2396032214164734,-0.5738614797592163,-0.30810943245887756,-0.2258293330669403,-0.5036992430686951,-0.22411464154720306,-0.6947317123413086,-0.22581101953983307,-0.853805661201477,-0.22457461059093475,-1.0,-0.07285595685243607,-0.5012808442115784,-0.033236853778362274,-0.6857165694236755,-0.07862413674592972,-0.5375646352767944,-0.11483512818813324,-0.43995401263237,0.07854324579238892,-0.46446093916893005,0.11190291494131088,-0.6303688883781433,0.055200692266225815,-0.47124147415161133,0.02229626476764679,-0.3731139302253723,0.22835057973861694,-0.39942118525505066,0.2489321529865265,-0.5357188582420349,0.1842658370733261,-0.43498414754867554,0.1392151117324829,-0.3516981899738312
7,0.0,0.0,-0.2062137871980667,-0.03515339642763138,-0.3695937991142273,-0.18916769325733185,-0.5040132999420166,-0.293534517288208,-0.6515761613845825,-0.3619987666606903,-0.2180013358592987,-0.5316483378410339,-0.21848353743553162,-0.723478376865387,-0.22888639569282532,-0.8712382912635803,-0.23841142654418945,-1.0,-0.07196144014596939,-0.528647780418396,-0.03760350123047829,-0.7125024795532227,-0.07063627988100052,-0.5590184926986694,-0.09773891419172287,-0.46535637974739075,0.07040900737047195,-0.4948529005050659,0.11019926518201828,-0.6664711236953735,0.06526049226522446,-0.5027015209197998,0.0385155975818634,-0.40499910712242126,0.2162667214870453,-0.4351058900356293,0.24977388978004456,-0.5722916126251221,0.1914753019809723,-0.4746890068054199,0.14997388422489166,-0.39847132563591003
7,0.0,0.0,-0.2062137871980667,-0.03515339642763138,-0.3695937991142273,-0.18916769325733185,-0.5040132999420166,-0.293534517288208,-0.6515761613845825,-0.3619987666606903,-0.2180013358592987,-0.5316483378410339,-0.21848353743553162,-0.723478376865387,-0.22888639569282532,-0.8712382912635803,-0.23841142654418945,-1.0,-0.07196144014596939,-0.528647780418396,-0.03760350123047829,-0.7125024795532227,-0.07063627988100052,-0.5590184926986694,-0.09773891419172287,-0.46535637974739075,0.07040900737047195,-0.4948529005050659,0.11019926518201828,-0.6664711236953735,0.06526049226522446,-0.5027015209197998,0.0385155975818634,-0.40499910712242126,0.2162667214870453,-0.4351058900356293,0.24977388978004456,-0.5722916126251221,0.1914753019809723,-0.4746890068054199,0.14997388422489166,-0.39847132563591003
7,0.0,0.0,-0.21807299554347992,-0.027847779914736748,-0.3751401901245117,-0.2186899334192276,-0.4951833486557007,-0.36323389410972595,-0.6289610266685486,-0.4692023694515228,-0.19079169631004333,-0.5700850486755371,-0.17758770287036896,-0.7472183108329773,-0.20064722001552582,-0.8882575631141663,-0.22747516632080078,-1.0,-0.01987425982952118,-0.5806291103363037,0.039968881756067276,-0.826738715171814,-0.01147670578211546,-0.7159109115600586,-0.04534738138318062,-0.5855278968811035,0.1526784747838974,-0.541006863117218,0.2205207347869873,-0.7689841985702515,0.15413421392440796,-0.6394168138504028,0.11516920477151871,-0.5126898288726807,0.3218701183795929,-0.4626151919364929,0.3806522488594055,-0.6435914635658264,0.3222655653953552,-0.5916247963905334,0.2777959406375885,-0.5131937861442566
7,0.0,0.0,-0.2665691673755646,-0.25064197182655334,-0.3546069264411926,-0.5041428208351135,-0.3454822599887848,-0.718874454498291,-0.3056533932685852,-0.913923442363739,-0.14344638586044312,-0.7504101991653442,-0.1938799023628235,-0.9813212752342224,-0.27943581342697144,-0.9780538082122803,-0.3311864733695984,-0.9122355580329895,0.010480190627276897,-0.7292740345001221,-0.037638455629348755,-1.0,-0.15300041437149048,-0.8755976557731628,-0.20033706724643707,-0.727791428565979,0.17341215908527374,-0.6668823957443237,0.12857913970947266,-0.9500588774681091,-0.003784484462812543,-0.7990539073944092,-0.05134308338165283,-0.6287767291069031,0.3474424481391907,-0.5684241056442261,0.2915059030056,-0.8407343029975891,0.15415889024734497,-0.7752338647842407,0.07913192361593246,-0.6420172452926636
7,0.0,0.0,-0.2653627097606659,-0.07148820161819458,-0.42829325795173645,-0.22260154783725739,-0.5192816257476807,-0.3285765051841736,-0.6301305294036865,-0.3888992369174957,-0.30465224385261536,-0.6469148993492126,-0.34269601106643677,-0.8256593942642212,-0.34496650099754333,-0.9323840141296387,-0.35562074184417725,-1.0,-0.129121333360672,-0.65180903673172,-0.17254804074764252,-0.8384408354759216,-0.2146443873643875,-0.6871859431266785,-0.2230004370212555,-0.5719494819641113,0.04638335853815079,-0.6067723631858826,0.009140338748693466,-0.7657346129417419,-0.044998303055763245,-0.5738150477409363,-0.05679864063858986,-0.4496811330318451,0.22048501670360565,-0.5303913354873657,0.16013795137405396,-0.6348089575767517,0.09486490488052368,-0.4978450834751129,0.0743684396147728,-0.3957649767398834
7,0.0,0.0,-0.2653627097606659,-0.07148820161819458,-0.42829325795173645,-0.22260154783725739,-0.5192816257476807,-0.3285765051841736,-0.6301305294036865,-0.3888992369174957,-0.30465224385261536,-0.6469148993492126,-0.34269601106643677,-0.8256593942642212,-0.34496650099754333,-0.9323840141296387,-0.35562074184417725,-1.0,-0.129121333360672,-0.65180903673172,-0.17254804074764252,-0.8384408354759216,-0.2146443873643875,-0.6871859431266785,-0.2230004370212555,-0.5719494819641113,0.04638335853815079,-0.6067723631858826,0.009140338748693466,-0.7657346129417419,-0.044998303055763245,-0.5738150477409363,-0.05679864063858986,-0.4496811330318451,0.22048501670360565,-0.5303913354873657,0.16013795137405396,-0.6348089575767517,0.09486490488052368,-0.4978450834751129,0.0743684396147728,-0.3957649767398834
7,0.0,0.0,-0.21776467561721802,-0.03370753303170204,-0.3736255168914795,-0.21254754066467285,-0.4881015419960022,-0.32788947224617004,-0.5838642120361328,-0.40927982330322266,-0.2183140069246292,-0.5771550536155701,-0.21694955229759216,-0.7782793045043945,-0.24179799854755402,-0.9073647260665894,-0.26419252157211304,-1.0,-0.060807760804891586,-0.5705882906913757,-0.04917919635772705,-0.7508109211921692,-0.10811140388250351,-0.5603739619255066,-0.14018705487251282,-0.4461037218570709,0.09679411351680756,-0.5273158550262451,0.10898323357105255,-0.6783056855201721,0.026592761278152466,-0.4859923720359802,-0.006288115866482258,-0.38317838311195374,0.2628359794616699,-0.45565691590309143,0.26564469933509827,-0.5921207070350647,0.1762096881866455,-0.4684985876083374,0.13391873240470886,-0.37746039032936096
7,0.0,0.0,-0.25041264295578003,-0.13749976456165314,-0.4611663222312927,-0.29089149832725525,-0.6153697371482849,-0.35733717679977417,-0.7739633917808533,-0.3507676124572754,-0.2940930128097534,-0.49660423398017883,-0.26242634654045105,-0.701819658279419,-0.2781640887260437,-0.8592281937599182,-0.29949137568473816,-1.0,-0.15541738271713257,-0.4693756401538849,-0.08457265049219131,-0.6996766924858093,-0.15315774083137512,-0.6130338311195374,-0.21421733498573303,-0.5155672430992126,-0.031161710619926453,-0.38466399908065796,0.04339122027158737,-0.5449915528297424,-0.04420875012874603,-0.44662439823150635,-0.11203319579362869,-0.35059401392936707,0.09104837477207184,-0.2689753770828247,0.1732945293188095,-0.36309653520584106,0.10221756249666214,-0.29126566648483276,0.03479132801294327,-0.20638218522071838
7,0.0,0.0,-0.2789188623428345,0.016917716711759567,-0.43472781777381897,0.204581156373024,-0.4865768253803253,0.41226550936698914,-0.5616092681884766,0.6102840900421143,-0.2559458315372467,0.3118962049484253,-0.3163122832775116,0.6508168578147888,-0.3853764533996582,0.8546432852745056,-0.4369879961013794,1.0,-0.0670376643538475,0.354737788438797,-0.128081277012825,0.7103261351585388,-0.2103094905614853,0.890738844871521,-0.2617231607437134,0.9891237616539001,0.07871482521295547,0.3654959499835968,0.027578802779316902,0.6942787766456604,-0.056372497230768204,0.8548455238342285,-0.12027054280042648,0.9415526390075684,0.17662419378757477,0.35990580916404724,0.1516265720129013,0.615541934967041,0.08751808106899261,0.7368866801261902,0.029847145080566406,0.8050029277801514
7,0.0,0.0,-0.2789188623428345,0.016917716711759567,-0.43472781777381897,0.204581156373024,-0.4865768253803253,0.41226550936698914,-0.5616092681884766,0.6102840900421143,-0.2559458315372467,0.3118962049484253,-0.3163122832775116,0.6508168578147888,-0.3853764533996582,0.8546432852745056,-0.4369879961013794,1.0,-0.0670376643538475,0.354737788438797,-0.128081277012825,0.7103261351585388,-0.2103094905614853,0.890738844871521,-0.2617231607437134,0.9891237616539001,0.07871482521295547,0.3654959499835968,0.027578802779316902,0.6942787766456604,-0.056372497230768204,0.8548455238342285,-0.12027054280042648,0.9415526390075684,0.17662419378757477,0.35990580916404724,0.1516265720129013,0.615541934967041,0.08751808106899261,0.7368866801261902,0.029847145080566406,0.8050029277801514
7,0.0,0.0,0.0594409741461277,0.4250529110431671,-0.1300150454044342,0.7241068482398987,-0.34621506929397583,0.8261305093765259,-0.4951935410499573,0.7773147821426392,-0.5853354930877686,0.9075040221214294,-0.8680117726325989,1.0,-0.8596820831298828,0.9543213844299316,-0.8220027685165405,0.8968081474304199,-0.6836590766906738,0.7171461582183838,-0.875308632850647,0.7929714322090149,-0.8236379027366638,0.7410626411437988,-0.7625515460968018,0.6873669028282166,-0.7226592302322388,0.5014666318893433,-0.8587172031402588,0.5695399641990662,-0.7853988409042358,0.5351414680480957,-0.713066816329956,0.49141913652420044,-0.7304801940917969,0.3094649314880371,-0.8349244594573975,0.3457871675491333,-0.7754504680633545,0.3312181234359741,-0.7270965576171875,0.3134572505950928
7,0.0,0.0,-0.19399955868721008,-0.2472158968448639,-0.26449882984161377,-0.4848344922065735,-0.2697601616382599,-0.6517433524131775,-0.2772582769393921,-0.7183265089988708,-0.11451998353004456,-0.777000904083252,-0.07851164788007736,-0.9990066885948181,0.004831001162528992,-1.0,0.03247813135385513,-0.9441059231758118,0.06147191673517227,-0.7515418529510498,0.16631720960140228,-0.9876295328140259,0.24526163935661316,-0.8388315439224243,0.26345106959342957,-0.682339072227478,0.22907353937625885,-0.6843367218971252,0.3780951201915741,-0.8923170566558838,0.42099231481552124,-0.7237346172332764,0.41440850496292114,-0.5552817583084106,0.3790106475353241,-0.6009156703948975,0.5160531997680664,-0.7403546571731567,0.5246272683143616,-0.6186674237251282,0.5095860362052917,-0.4841797947883606
7,0.0,0.0,-0.19399955868721008,-0.2472158968448639,-0.26449882984161377,-0.4848344922065735,-0.2697601616382599,-0.6517433524131775,-0.2772582769393921,-0.7183265089988708,-0.11451998353004456,-0.777000904083252,-0.07851164788007736,-0.9990066885948181,0.004831001162528992,-1.0,0.03247813135385513,-0.9441059231758118,0.06147191673517227,-0.7515418529510498,0.16631720960140228,-0.9876295328140259,0.24526163935661316,-0.8388315439224243,0.26345106959342957,-0.682339072227478,0.22907353937625885,-0.6843367218971252,0.3780951201915741,-0.8923170566558838,0.42099231481552124,-0.7237346172332764,0.41440850496292114,-0.5552817583084106,0.3790106475353241,-0.6009156703948975,0.5160531997680664,-0.7403546571731567,0.5246272683143616,-0.6186674237251282,0.5095860362052917,-0.4841797947883606
7,0.0,0.0,-0.20172293484210968,-0.19100522994995117,-0.2935699224472046,-0.3773777186870575,-0.27943676710128784,-0.5251845121383667,-0.27678921818733215,-0.629827082157135,-0.19577759504318237,-0.6565499901771545,-0.20159272849559784,-0.9288670420646667,-0.20241238176822662,-0.9986005425453186,-0.2251129299402237,-1.0,-0.03837297484278679,-0.6430888175964355,-0.024660637602210045,-0.8140891194343567,-0.02547714300453663,-0.6045154333114624,-0.03477361053228378,-0.4067715108394623,0.11436556279659271,-0.6034801006317139,0.13042309880256653,-0.7553860545158386,0.1120462492108345,-0.5650883316993713,0.09181128442287445,-0.3771541714668274,0.25899943709373474,-0.5457369089126587,0.28563547134399414,-0.7428494691848755,0.23571141064167023,-0.7301285266876221,0.1959168165922165,-0.6882416605949402
7,0.0,0.0,-0.19484387338161469,-0.08608054369688034,-0.3374069631099701,-0.20915013551712036,-0.3926629424095154,-0.3159545958042145,-0.45713010430336,-0.37479469180107117,-0.23497608304023743,-0.5591318011283875,-0.27093493938446045,-0.7997423410415649,-0.27010852098464966,-0.9170395135879517,-0.2806856334209442,-1.0,-0.09429266303777695,-0.5665294528007507,-0.09544530510902405,-0.6954279541969299,-0.07704299688339233,-0.47403448820114136,-0.0800856277346611,-0.3173411786556244,0.044031575322151184,-0.5441445112228394,0.051571205258369446,-0.6702294945716858,0.03727349638938904,-0.4845254421234131,0.00906240101903677,-0.33976033329963684,0.17738640308380127,-0.5007851123809814,0.2034919410943985,-0.645814836025238,0.1675114631652832,-0.5755718350410461,0.12896011769771576,-0.5011016726493835
7,0.0,0.0,-0.19484387338161469,-0.08608054369688034,-0.3374069631099701,-0.20915013551712036,-0.3926629424095154,-0.3159545958042145,-0.45713010430336,-0.37479469180107117,-0.23497608304023743,-0.5591318011283875,-0.27093493938446045,-0.7997423410415649,-0.27010852098464966,-0.9170395135879517,-0.2806856334209442,-1.0,-0.09429266303777695,-0.5665294528007507,-0.09544530510902405,-0.6954279541969299,-0.07704299688339233,-0.47403448820114136,-0.0800856277346611,-0.3173411786556244,0.044031575322151184,-0.5441445112228394,0.051571205258369446,-0.6702294945716858,0.03727349638938904,-0.4845254421234131,0.00906240101903677,-0.33976033329963684,0.17738640308380127,-0.5007851123809814,0.2034919410943985,-0.645814836025238,0.1675114631652832,-0.5755718350410461,0.12896011769771576,-0.5011016726493835
7,0.0,0.0,-0.29503175616264343,-0.11172418296337128,-0.4908496141433716,-0.3011229932308197,-0.5563880205154419,-0.4368341565132141,-0.6241340041160583,-0.5357630848884583,-0.3547176122665405,-0.7280961871147156,-0.393514484167099,-1.0,-0.3765062689781189,-0.9782846570014954,-0.3631620705127716,-0.8956605792045593,-0.15204180777072906,-0.7438364624977112,-0.1706560105085373,-0.9248083829879761,-0.15572334825992584,-0.620368480682373,-0.1414911299943924,-0.37713220715522766,0.05269250646233559,-0.7128734588623047,0.059829071164131165,-0.8989855051040649,0.04476926848292351,-0.6211392879486084,0.03837553784251213,-0.39625006914138794,0.2661031186580658,-0.6568481922149658,0.29734987020492554,-0.8742793798446655,0.23041054606437683,-0.7157853841781616,0.18616151809692383,-0.5544425249099731
7,0.0,0.0,-0.2991397976875305,-0.08923095464706421,-0.5315867066383362,-0.2467632293701172,-0.6422951221466064,-0.3443693220615387,-0.7357805371284485,-0.394089937210083,-0.364520788192749,-0.7466263175010681,-0.4162605106830597,-1.0,-0.4049404561519623,-0.9689807891845703,-0.39714139699935913,-0.8730736374855042,-0.13619902729988098,-0.7601953744888306,-0.1505742222070694,-0.9369080066680908,-0.14822372794151306,-0.6436813473701477,-0.155490905046463,-0.3896525204181671,0.09004708379507065,-0.7190119028091431,0.11359498649835587,-0.8844612836837769,0.08034670352935791,-0.6135614514350891,0.034928180277347565,-0.38199716806411743,0.3109472393989563,-0.6493411064147949,0.3826861083507538,-0.8527408242225647,0.31660518050193787,-0.706108808517456,0.2338922917842865,-0.5463220477104187
7,0.0,0.0,-0.2991397976875305,-0.08923095464706421,-0.5315867066383362,-0.2467632293701172,-0.6422951221466064,-0.3443693220615387,-0.7357805371284485,-0.394089937210083,-0.364520788192749,-0.7466263175010681,-0.4162605106830597,-1.0,-0.4049404561519623,-0.9689807891845703,-0.39714139699935913,-0.8730736374855042,-0.13619902729988098,-0.7601953744888306,-0.1505742222070694,-0.9369080066680908,-0.14822372794151306,-0.6436813473701477,-0.155490905046463,-0.3896525204181671,0.09004708379507065,-0.7190119028091431,0.11359498649835587,-0.8844612836837769,0.08034670352935791,-0.6135614514350891,0.034928180277347565,-0.38199716806411743,0.3109472393989563,-0.6493411064147949,0.3826861083507538,-0.8527408242225647,0.31660518050193787,-0.706108808517456,0.2338922917842865,-0.5463220477104187
7,0.0,0.0,-0.2711339592933655,-0.11451524496078491,-0.4500492215156555,-0.2830088138580322,-0.49574869871139526,-0.39054960012435913,-0.5346359014511108,-0.47550028562545776,-0.35969534516334534,-0.7298614978790283,-0.39936891198158264,-0.959710955619812,-0.3939569592475891,-1.0,-0.39837124943733215,-0.9272199273109436,-0.15322303771972656,-0.7389872670173645,-0.15356241166591644,-0.8916561603546143,-0.1361415535211563,-0.6577504277229309,-0.1411672830581665,-0.4119531512260437,0.057813018560409546,-0.7002182006835938,0.0866168737411499,-0.8411547541618347,0.06957177072763443,-0.6072011590003967,0.034756481647491455,-0.37873178720474243,0.2684100568294525,-0.6327633261680603,0.3130410611629486,-0.8067201972007751,0.2520386874675751,-0.6569782495498657,0.1924007683992386,-0.4877738058567047
7,0.0,0.0,-0.254690021276474,-0.08907110244035721,-0.41628047823905945,-0.27350181341171265,-0.4161582887172699,-0.45877090096473694,-0.3686011731624603,-0.6123107671737671,-0.28940704464912415,-0.6577048301696777,-0.35738617181777954,-0.8939976096153259,-0.36254414916038513,-0.9688966274261475,-0.37744587659835815,-1.0,-0.09883306920528412,-0.6943239569664001,-0.1271858960390091,-0.8890224695205688,-0.11695092916488647,-0.6421024799346924,-0.11023975908756256,-0.4375670254230499,0.09184154868125916,-0.6800668239593506,0.08308213204145432,-0.8717731833457947,0.055231060832738876,-0.6522751450538635,0.034343235194683075,-0.4687010943889618,0.27717655897140503,-0.6351227164268494,0.3020501434803009,-0.8280154466629028,0.24314482510089874,-0.7058058977127075,0.19831740856170654,-0.5680869221687317
7,0.0,0.0,-0.3087904155254364,-0.08621115982532501,-0.47741788625717163,-0.23918463289737701,-0.588510274887085,-0.33495932817459106,-0.7130950689315796,-0.4325920641422272,-0.2658286988735199,-0.6989102363586426,-0.3367495536804199,-0.8960944414138794,-0.4196247160434723,-0.9575244188308716,-0.4872836768627167,-0.9463036060333252,-0.09827791154384613,-0.7252955436706543,-0.15283961594104767,-1.0,-0.26906517148017883,-0.9426661133766174,-0.33833447098731995,-0.8319395184516907,0.06690263003110886,-0.6990346312522888,0.015029038302600384,-0.9272050261497498,-0.07364687323570251,-0.7499403357505798,-0.09985426813364029,-0.5694025754928589,0.2423294633626938,-0.6345512866973877,0.17187252640724182,-0.8169976472854614,0.08064309507608414,-0.7003260850906372,0.05462540686130524,-0.5632932782173157
7,0.0,0.0,-0.29705318808555603,-0.05845014378428459,-0.46443018317222595,-0.21850474178791046,-0.5947716236114502,-0.328543484210968,-0.7735788226127625,-0.40142056345939636,-0.365935742855072,-0.6982155442237854,-0.40899088978767395,-0.9066013097763062,-0.4546736180782318,-0.8585857152938843,-0.46202078461647034,-0.7891097068786621,-0.1844353973865509,-0.7191908955574036,-0.19675011932849884,-1.0,-0.25711798667907715,-0.8099155426025391,-0.24719636142253876,-0.672405481338501,0.012622186914086342,-0.6933687925338745,0.042035702615976334,-0.9823624491691589,-0.03581139072775841,-0.8027281165122986,-0.03769582882523537,-0.6608654260635376,0.22534964978694916,-0.623809278011322,0.2362305074930191,-0.8586604595184326,0.137624129652977,-0.7506304979324341,0.09260875731706619,-0.6287465691566467
7,0.0,0.0,-0.20457026362419128,-0.05098797380924225,-0.35400116443634033,-0.15197719633579254,-0.44400012493133545,-0.22646701335906982,-0.5633798241615295,-0.2593255639076233,-0.2864603102207184,-0.5401332378387451,-0.3275469243526459,-0.7281894087791443,-0.3575958013534546,-0.8583834767341614,-0.37263044714927673,-1.0,-0.14868421852588654,-0.553672194480896,-0.1759433150291443,-0.7116117477416992,-0.20522639155387878,-0.5192767977714539,-0.1859550178050995,-0.4195261001586914,-0.006790794897824526,-0.5291240811347961,-0.018528001382946968,-0.6718351244926453,-0.065416119992733,-0.49759572744369507,-0.06478040665388107,-0.40525928139686584,0.14883778989315033,-0.47447577118873596,0.1403597593307495,-0.6042993664741516,0.07469364255666733,-0.5048809051513672,0.04739168658852577,-0.4263862669467926
7,0.0,0.0,-0.299644410610199,-0.10780859738588333,-0.48137444257736206,-0.27516457438468933,-0.6107498407363892,-0.40022653341293335,-0.7520049214363098,-0.47727349400520325,-0.3514133095741272,-0.7104250192642212,-0.40650978684425354,-0.9362578392028809,-0.43709638714790344,-0.8104043006896973,-0.4169125556945801,-0.6804590225219727,-0.18930301070213318,-0.7210199236869812,-0.2107684463262558,-1.0,-0.2569303810596466,-0.7780964970588684,-0.24866363406181335,-0.6360970735549927,-0.007591716013848782,-0.6993124485015869,-0.001149059273302555,-0.9732071161270142,-0.07367090880870819,-0.774778425693512,-0.07664909958839417,-0.6272282600402832,0.19782261550426483,-0.6428871154785156,0.2069661021232605,-0.8870586156845093,0.10825939476490021,-0.7777677774429321,0.06306282430887222,-0.6547518372535706
7,0.0,0.0,-0.25673413276672363,-0.08101093024015427,-0.4338458478450775,-0.27432936429977417,-0.5812101364135742,-0.37562504410743713,-0.7866007089614868,-0.40698549151420593,-0.3162194490432739,-0.7088924646377563,-0.31651240587234497,-0.9391617774963379,-0.32793745398521423,-0.8012862205505371,-0.319476842880249,-0.6859788298606873,-0.14386537671089172,-0.70771324634552,-0.12707971036434174,-1.0,-0.17212650179862976,-0.7758941054344177,-0.18391606211662292,-0.6490687131881714,0.036169204860925674,-0.676680862903595,0.07782644033432007,-0.9745016098022461,0.007123876363039017,-0.7746381163597107,-0.012222189456224442,-0.6399187445640564,0.22616945207118988,-0.6126047968864441,0.25960928201675415,-0.8519254326820374,0.17290933430194855,-0.7463919520378113,0.12339172512292862,-0.6367276310920715
7,0.0,0.0,-0.26099181175231934,-0.09050121158361435,-0.3921138346195221,-0.21226567029953003,-0.4559718072414398,-0.264234334230423,-0.5758702158927917,-0.30906111001968384,-0.2079862505197525,-0.6712223887443542,-0.25839143991470337,-0.8988046050071716,-0.3140158951282501,-0.9489169716835022,-0.355608731508255,-0.9431334733963013,-0.05178892984986305,-0.6954458355903625,-0.06300611793994904,-1.0,-0.13673949241638184,-0.8593442440032959,-0.17667695879936218,-0.685414731502533,0.10816499590873718,-0.6685354113578796,0.09152231365442276,-0.9513493776321411,0.016398783773183823,-0.7729935646057129,-0.009347776882350445,-0.5886287093162537,0.2898223102092743,-0.6096495985984802,0.2780703902244568,-0.8562660217285156,0.1851600706577301,-0.73702073097229,0.1393854022026062,-0.5877906680107117
7,0.0,0.0,-0.2787185609340668,-0.09395913779735565,-0.5083514451980591,-0.3445131778717041,-0.6773989796638489,-0.48469510674476624,-0.8940799236297607,-0.5587940216064453,-0.27457740902900696,-0.7149232625961304,-0.25071248412132263,-0.9382463693618774,-0.28226613998413086,-0.8929840326309204,-0.31086423993110657,-0.7993083596229553,-0.08528205007314682,-0.7206082940101624,-0.037834905087947845,-1.0,-0.10199479758739471,-0.8629468679428101,-0.14015117287635803,-0.7234958410263062,0.1053881123661995,-0.6862919330596924,0.15193848311901093,-0.963725745677948,0.07262760400772095,-0.825446367263794,0.03345361351966858,-0.6799734234809875,0.30157193541526794,-0.6235079765319824,0.34981250762939453,-0.88640296459198,0.28382182121276855,-0.8453945517539978,0.23143859207630157,-0.7558733224868774
7,0.0,0.0,-0.27099451422691345,-0.1057664230465889,-0.42749881744384766,-0.2437155693769455,-0.5283495783805847,-0.3259034752845764,-0.6443830728530884,-0.37858086824417114,-0.2898702025413513,-0.7144709229469299,-0.3344976305961609,-0.9324755668640137,-0.358562707901001,-0.853274405002594,-0.3537712097167969,-0.7553589940071106,-0.11954870074987411,-0.7200077772140503,-0.12579719722270966,-1.0,-0.17568059265613556,-0.8167876601219177,-0.18010421097278595,-0.6751171946525574,0.06199493259191513,-0.6832472681999207,0.0644393265247345,-0.9429728388786316,-0.008610975928604603,-0.7521809935569763,-0.018245205283164978,-0.5993785858154297,0.2575013339519501,-0.6055876016616821,0.2424604594707489,-0.8235808610916138,0.14827291667461395,-0.7051975131034851,0.11412816494703293,-0.5740159749984741
7,0.0,0.0,-0.30575138330459595,-0.028787754476070404,-0.4924069046974182,-0.16135232150554657,-0.6357240676879883,-0.2426888644695282,-0.7789676189422607,-0.281060129404068,-0.3799785375595093,-0.6652987003326416,-0.35979631543159485,-0.9025404453277588,-0.36599475145339966,-0.988049328327179,-0.38619890809059143,-1.0,-0.17167094349861145,-0.6685075163841248,-0.13768814504146576,-0.9488070607185364,-0.18543730676174164,-0.8512059450149536,-0.23533619940280914,-0.6956362724304199,0.0419040210545063,-0.6238452792167664,0.087774358689785,-0.8929823637008667,0.01569252833724022,-0.7765767574310303,-0.05679171532392502,-0.6098641157150269,0.2432907372713089,-0.5402643084526062,0.2998510003089905,-0.7495086789131165,0.222110778093338,-0.6820077896118164,0.129553884267807,-0.5663881301879883
7,0.0,0.0,-0.2987675368785858,-0.08201377838850021,-0.45698580145835876,-0.24926236271858215,-0.5699406862258911,-0.3411198556423187,-0.6994447112083435,-0.4024469554424286,-0.3044167459011078,-0.5983763337135315,-0.27691784501075745,-0.8206307888031006,-0.24854445457458496,-0.9309282898902893,-0.23931235074996948,-1.0,-0.10781855136156082,-0.5864663124084473,-0.03516187146306038,-0.8254806995391846,-0.009525448083877563,-0.8949689269065857,-0.015566718764603138,-0.9079245924949646,0.08170797675848007,-0.5211771726608276,0.19097112119197845,-0.7528321146965027,0.17268310487270355,-0.7510233521461487,0.12159290909767151,-0.6922785043716431,0.26028844714164734,-0.42240485548973083,0.35355037450790405,-0.6339367628097534,0.32425081729888916,-0.6450098752975464,0.27333498001098633,-0.6088584065437317
7,0.0,0.0,-0.29241496324539185,-0.13519831001758575,-0.4745003581047058,-0.29208919405937195,-0.6079827547073364,-0.3917655944824219,-0.7456794381141663,-0.45740193128585815,-0.27859222888946533,-0.728181779384613,-0.3561425507068634,-0.9378143548965454,-0.4407368004322052,-0.9285531044006348,-0.4750954210758209,-0.8861254453659058,-0.12358445674180984,-0.7487935423851013,-0.13899056613445282,-1.0,-0.22511613368988037,-0.849226176738739,-0.238810732960701,-0.7264798879623413,0.042919423431158066,-0.7215026617050171,0.03369946405291557,-0.9486575126647949,-0.05900389701128006,-0.7708010673522949,-0.0670425295829773,-0.6376951336860657,0.2215953916311264,-0.6565489172935486,0.1880560964345932,-0.8494212031364441,0.09285793453454971,-0.7361767888069153,0.07058971375226974,-0.6231634020805359
7,0.0,0.0,-0.2989266514778137,-0.115313820540905,-0.5111261010169983,-0.32810261845588684,-0.6829448938369751,-0.4423058032989502,-0.8989555835723877,-0.5139899253845215,-0.35323214530944824,-0.7694577574729919,-0.4168030321598053,-0.9490009546279907,-0.4647690951824188,-0.8088167309761047,-0.45514240860939026,-0.6762929558753967,-0.17232748866081238,-0.7730233669281006,-0.20149104297161102,-1.0,-0.27290040254592896,-0.7670326232910156,-0.27210912108421326,-0.6427736282348633,0.01947077549993992,-0.7290802001953125,0.0025060188490897417,-0.9079731702804565,-0.09442786872386932,-0.677101194858551,-0.10866226255893707,-0.5641874670982361,0.22056008875370026,-0.646007239818573,0.18560104072093964,-0.7916139364242554,0.07499274611473083,-0.6485515236854553,0.0364564023911953,-0.5545958280563354
7,0.0,0.0,-0.3016436696052551,-0.097139373421669,-0.504577100276947,-0.25901928544044495,-0.6531272530555725,-0.37320515513420105,-0.8241095542907715,-0.46135213971138,-0.33409470319747925,-0.7909859418869019,-0.4573433995246887,-0.9614078998565674,-0.5257769227027893,-0.8028019070625305,-0.5178630352020264,-0.6645277142524719,-0.14400553703308105,-0.8057003617286682,-0.2245265543460846,-1.0,-0.3002278804779053,-0.756081759929657,-0.28546836972236633,-0.6183090209960938,0.05261506512761116,-0.7640409469604492,-0.009710514917969704,-0.922717809677124,-0.10392455756664276,-0.6903762221336365,-0.0980454534292221,-0.5598681569099426,0.25476282835006714,-0.6707585453987122,0.18517790734767914,-0.7977824807167053,0.07395847141742706,-0.6519047617912292,0.04658398777246475,-0.5490376353263855
7,0.0,0.0,-0.3072487413883209,-0.10757844150066376,-0.515721321105957,-0.2677340507507324,-0.6721351146697998,-0.3692920207977295,-0.8214623928070068,-0.45902934670448303,-0.3074936866760254,-0.7578919529914856,-0.3897411525249481,-0.9452248811721802,-0.46639397740364075,-0.9722066521644592,-0.5330957174301147,-0.9435515999794006,-0.12168259918689728,-0.7627230286598206,-0.16917195916175842,-1.0,-0.2756600081920624,-0.9155279397964478,-0.348125696182251,-0.7972913980484009,0.06830821931362152,-0.7190585136413574,0.017354466021060944,-0.9178960919380188,-0.08564227819442749,-0.7362338900566101,-0.13368181884288788,-0.5615912079811096,0.2635401785373688,-0.6373960375785828,0.2193964570760727,-0.7988371253013611,0.1035153791308403,-0.6934278607368469,0.036171142011880875,-0.5715107321739197
7,0.0,0.0,-0.28958752751350403,-0.11195557564496994,-0.47824761271476746,-0.2820298373699188,-0.6394671201705933,-0.378876268863678,-0.8439215421676636,-0.4389113485813141,-0.33442723751068115,-0.7610077857971191,-0.39582768082618713,-0.9485847353935242,-0.45411503314971924,-0.7865671515464783,-0.45322203636169434,-0.6391867995262146,-0.1591586023569107,-0.7627057433128357,-0.18233443796634674,-1.0,-0.25245004892349243,-0.7824519872665405,-0.25957250595092773,-0.6454545855522156,0.028036585077643394,-0.7153794169425964,0.018387554213404655,-0.9024567604064941,-0.07142015546560287,-0.6831281185150146,-0.09096395969390869,-0.5551849603652954,0.22781890630722046,-0.6303849816322327,0.20680397748947144,-0.7832491993904114,0.10796701163053513,-0.6475229859352112,0.06574885547161102,-0.5506165623664856
7,0.0,0.0,-0.29192429780960083,-0.1343548744916916,-0.499602735042572,-0.26800641417503357,-0.6810382008552551,-0.33235490322113037,-0.8999370336532593,-0.40113115310668945,-0.3048304617404938,-0.7628118395805359,-0.4140852093696594,-0.9421464800834656,-0.5026971697807312,-0.8872047066688538,-0.5349901914596558,-0.8240987658500671,-0.13259895145893097,-0.7844521999359131,-0.23106390237808228,-1.0,-0.31645673513412476,-0.8062503933906555,-0.30964115262031555,-0.6884896159172058,0.047301918268203735,-0.7534415125846863,-0.03610172122716904,-0.9338363409042358,-0.12995414435863495,-0.7132753133773804,-0.1214829832315445,-0.5811084508895874,0.23440976440906525,-0.6768800616264343,0.14569337666034698,-0.82387375831604,0.037736665457487106,-0.6893473267555237,0.01502580102533102,-0.5879871845245361
7,0.0,0.0,-0.22939179837703705,-0.1560344249010086,-0.3725297749042511,-0.3091968894004822,-0.4313485324382782,-0.3826792240142822,-0.4693146347999573,-0.4703540503978729,-0.15004727244377136,-0.6558849811553955,-0.1693246066570282,-0.8727869987487793,-0.23962633311748505,-0.9632924795150757,-0.3071804642677307,-1.0,0.01252480037510395,-0.6764702796936035,0.0074144224636256695,-0.9157289862632751,-0.14238980412483215,-0.8588100075721741,-0.22976042330265045,-0.7518258690834045,0.1763623207807541,-0.6430115699768066,0.12374438345432281,-0.837001383304596,-0.024641288444399834,-0.6591711044311523,-0.07835129648447037,-0.4780159890651703,0.33750852942466736,-0.5639961957931519,0.28846657276153564,-0.748320996761322,0.15355275571346283,-0.6514437794685364,0.09293872117996216,-0.5189648270606995
7,0.0,0.0,-0.29210880398750305,-0.12592078745365143,-0.48005133867263794,-0.29324012994766235,-0.602411687374115,-0.4009631872177124,-0.7356352806091309,-0.49014440178871155,-0.34581607580184937,-0.760884702205658,-0.39840832352638245,-0.9649665951728821,-0.4336370825767517,-0.8014622330665588,-0.41629719734191895,-0.6623392701148987,-0.17244981229305267,-0.7571777701377869,-0.18554964661598206,-1.0,-0.2427225559949875,-0.7527613043785095,-0.23445650935173035,-0.6213963031768799,0.016548357903957367,-0.7109437584877014,0.02722926065325737,-0.9305558204650879,-0.05694582313299179,-0.7079892754554749,-0.07272177934646606,-0.5729891657829285,0.2225661426782608,-0.627697765827179,0.23122122883796692,-0.8256407380104065,0.1396045982837677,-0.7187407612800598,0.09368884563446045,-0.6228633522987366
7,0.0,0.0,-0.29210880398750305,-0.12592078745365143,-0.48005133867263794,-0.29324012994766235,-0.602411687374115,-0.4009631872177124,-0.7356352806091309,-0.49014440178871155,-0.34581607580184937,-0.760884702205658,-0.39840832352638245,-0.9649665951728821,-0.4336370825767517,-0.8014622330665588,-0.41629719734191895,-0.6623392701148987,-0.17244981229305267,-0.7571777701377869,-0.18554964661598206,-1.0,-0.2427225559949875,-0.7527613043785095,-0.23445650935173035,-0.6213963031768799,0.016548357903957367,-0.7109437584877014,0.02722926065325737,-0.9305558204650879,-0.05694582313299179,-0.7079892754554749,-0.07272177934646606,-0.5729891657829285,0.2225661426782608,-0.627697765827179,0.23122122883796692,-0.8256407380104065,0.1396045982837677,-0.7187407612800598,0.09368884563446045,-0.6228633522987366
7,0.0,0.0,-0.20302289724349976,0.005200998391956091,-0.3508482873439789,-0.1059604361653328,-0.47374898195266724,-0.14471666514873505,-0.6526767015457153,-0.17308735847473145,-0.308798611164093,-0.6191483736038208,-0.26147568225860596,-0.8258448243141174,-0.3096570670604706,-0.9139440059661865,-0.36724841594696045,-0.9868137836456299,-0.12487780302762985,-0.6915991902351379,-0.08348318189382553,-1.0,-0.1406049281358719,-0.892866313457489,-0.1850474625825882,-0.802583634853363,0.05525132268667221,-0.7247411608695984,0.09124105423688889,-0.9879157543182373,0.036212071776390076,-0.8403638005256653,-0.00155835528858006,-0.7136933207511902,0.22996757924556732,-0.707173764705658,0.28004932403564453,-0.9451554417610168,0.23325876891613007,-0.8622119426727295,0.18934266269207,-0.7537903189659119
7,0.0,0.0,-0.2865942716598511,-0.08744385838508606,-0.5175251364707947,-0.25926506519317627,-0.7221751809120178,-0.31233152747154236,-0.970769464969635,-0.31733930110931396,-0.3753306269645691,-0.7383260726928711,-0.36376678943634033,-0.9600021243095398,-0.382007360458374,-0.9196134209632874,-0.40595176815986633,-0.8656309247016907,-0.1739751100540161,-0.7450494766235352,-0.14376363158226013,-1.0,-0.20855559408664703,-0.7382364869117737,-0.2506104111671448,-0.5473232865333557,0.03125903755426407,-0.706591010093689,0.0824371725320816,-0.9159389734268188,-0.00030983914621174335,-0.6829968094825745,-0.06238962709903717,-0.5157730579376221,0.23386606574058533,-0.6251957416534424,0.29269471764564514,-0.8257337212562561,0.2112252414226532,-0.7116907835006714,0.13856665790081024,-0.5990212559700012
7,0.0,0.0,-0.27111998200416565,-0.0757644847035408,-0.46433594822883606,-0.23314034938812256,-0.6651656627655029,-0.3089902400970459,-0.9670318365097046,-0.3160918056964874,-0.36471986770629883,-0.7372919321060181,-0.346655011177063,-0.9535104036331177,-0.3621642589569092,-0.9416967630386353,-0.38706547021865845,-0.9285100698471069,-0.16974878311157227,-0.7381138801574707,-0.15333373844623566,-1.0,-0.2008434385061264,-0.7866522073745728,-0.24392682313919067,-0.6264054775238037,0.02984638325870037,-0.6950437426567078,0.09833784401416779,-0.9480723142623901,0.03857487067580223,-0.7508110404014587,-0.031375475227832794,-0.5909786820411682,0.2246761918067932,-0.6154971718788147,0.3244575262069702,-0.8026943802833557,0.289642870426178,-0.7264217734336853,0.21781925857067108,-0.6390358805656433
7,0.0,0.0,-0.2353559285402298,-0.07174765318632126,-0.3939721882343292,-0.21972563862800598,-0.5188508033752441,-0.3030908703804016,-0.6985723376274109,-0.3414580225944519,-0.3346278965473175,-0.6218268871307373,-0.3181341886520386,-0.8235509395599365,-0.3573995530605316,-0.9352189898490906,-0.39337795972824097,-1.0,-0.17475970089435577,-0.6395540237426758,-0.178534597158432,-0.8915491104125977,-0.2158360481262207,-0.8005290031433105,-0.22715380787849426,-0.6775532960891724,-0.016021080315113068,-0.6138874888420105,0.0069586047902703285,-0.858393669128418,-0.02659243904054165,-0.7449354529380798,-0.054794710129499435,-0.6056199669837952,0.15390683710575104,-0.5485703945159912,0.19094596803188324,-0.7507758140563965,0.1714819222688675,-0.7587825059890747,0.1430586278438568,-0.7128883600234985
7,0.0,0.0,0.28148794174194336,0.38252022862434387,0.44803741574287415,0.6610428094863892,0.5027708411216736,0.9087827205657959,0.4486292600631714,1.0,0.6433796286582947,-0.03142142668366432,0.29762521386146545,0.49434658885002136,0.1932244449853897,0.6138476133346558,0.22972598671913147,0.5612465739250183,0.3650165796279907,-0.3258447051048279,-0.1216011568903923,0.4609425663948059,-0.13514690101146698,0.5926929712295532,-0.014515124261379242,0.4721769094467163,0.02329191006720066,-0.4619530439376831,-0.4081783592700958,0.30185467004776,-0.39345255494117737,0.4314471185207367,-0.2690626084804535,0.3475348651409149,-0.30786094069480896,-0.496253103017807,-0.6411169171333313,0.029683606699109077,-0.707118809223175,0.20575210452079773,-0.6794086694717407,0.23412655293941498
